state,country,name,city,gardenology_url,source
Alabama,United States,"Aldridge Gardens-Hoover, Alabama",,,Gardenology
Alabama,United States,"William Bartram Arboretum-Wetumpka, Alabama",,,Gardenology
Alabama,United States,"Bellingrath Gardens and Home-Theodore, Alabama",,,Gardenology
Alabama,United States,"Birmingham Botanical Gardens-Birmingham, Alabama",,,Gardenology
Alabama,United States,"Donald E. Davis Arboretum-Auburn University,Auburn, Alabama",,,Gardenology
Alabama,United States,"Dothan Area Botanical Gardens-Dothan, Alabama",,,Gardenology
Alabama,United States,"Huntsville Botanical Garden-Huntsville, Alabama",,,Gardenology
Alabama,United States,"Jasmine Hill Gardens-Montgomery, Alabama",,,Gardenology
Alabama,United States,"Mobile Botanical Gardens-Mobile, Alabama",,,Gardenology
Alabama,United States,"Noccalula Falls Botanical Gardens-Gadsden, Alabama",,,Gardenology
Alabama,United States,"Troy University Arboretum-Troy University,Troy, Alabama",,,Gardenology
Alabama,United States,"University of Alabama Arboretum-University of Alabama,Tuscaloosa, Alabama",,,Gardenology
Alaska,United States,"Alaska Botanical Garden-Anchorage, Alaska",,,Gardenology
Alaska,United States,"Georgeson Botanical Garden-University of Alaska Fairbanks,Fairbanks, Alaska",,,Gardenology
Arizona,United States,"TheArboretum at Arizona State University-Arizona State University,Tempe, Arizonalink",,,Gardenology
Arizona,United States,"TheArboretum at Flagstaff-Flagstaff, Arizonalink",,,Gardenology
Arizona,United States,"Arizona Cactus Botanical Garden-Bisbee, Arizona",,,Gardenology
Arizona,United States,"Arizona-Sonora Desert Museum-Tucson, Arizonalink",,,Gardenology
Arizona,United States,"Boyce Thompson Arboretum State Park-Superior, Arizonalink",,,Gardenology
Arizona,United States,"Desert Botanical Garden-Phoenix, Arizonalink",,,Gardenology
Arizona,United States,"Forever Ranch and Gardens- nearYucca, Arizonalink",,,Gardenology
Arizona,United States,"Navajo Nation Zoo and Botanical Park-Window Rock, Arizonalink",,,Gardenology
Arizona,United States,"Tohono Chul Park-Tucson, Arizonalink",,,Gardenology
Arizona,United States,"Tucson Botanical Gardens-Tucson, Arizonalink",,,Gardenology
Arkansas,United States,"Arkansas Arboretum-Little Rock, Arkansas",,,Gardenology
Arkansas,United States,"Blue Springs Heritage Center(formerlyEureka Springs Gardens) -Eureka Springs, Arkansas",,,Gardenology
Arkansas,United States,"The Botanical Garden of the Ozarks-Fayetteville, Arkansas",,,Gardenology
Arkansas,United States,"Garvan Woodland Gardens-Hot Springs National Park,Arkansas",,,Gardenology
Arkansas,United States,"South Arkansas Arboretum-El Dorado, Arkansas",,,Gardenology
California,United States,"Arizona Cactus Garden-Stanford University,Palo Alto, California",,,Gardenology
California,United States,"Balboa Park Gardens-Balboa Park,San Diego, California",,,Gardenology
California,United States,"Barbra Streisand's Malibu Estate Home & Garden-Malibu, California",,,Gardenology
California,United States,"Blake Garden-Kensington, California",,,Gardenology
California,United States,"California State University Northridge Botanic Garden-California State University, Northridge,Northridge, California",,,Gardenology
California,United States,"Chavez Ravine Arboretum-Los Angeles, California",,,Gardenology
California,United States,"Chico University Arboretum-California State University, Chico,Chico, California",,,Gardenology
California,United States,"College of the Desert Arboretum-Palm Desert, California",,,Gardenology
California,United States,"Conejo Valley Botanical Garden-Thousand Oaks, California",,,Gardenology
California,United States,"Descanso Gardens-La Canada Flintridge, California",,,Gardenology
California,United States,"Dunsmuir Botanical Gardens-Dunsmuir, California",,,Gardenology
California,United States,"Earl Burns Miller Japanese Garden-California State University, Long Beach,Long Beach, California",,,Gardenology
California,United States,"Eddy Arboretum-Placerville, California",,,Gardenology
California,United States,"Edgewood Botanic Garden-Mill Valley, California",,,Gardenology
California,United States,"Filoli-Woodside, California",,,Gardenology
California,United States,"Fullerton Arboretum-Fullerton, California",,,Gardenology
California,United States,"Gardens at Heather Farm-Walnut Creek, California",,,Gardenology
California,United States,"C. M. Goethe Arboretum-California State University, Sacramento,Sacramento, California",,,Gardenology
California,United States,"Golden Gate Park Conservatory of Flowers-San Francisco, California",,,Gardenology
California,United States,"Hakone Gardens-Saratoga, California",,,Gardenology
California,United States,"Harland Hand Memorial Garden-El Cerrito, California",,,Gardenology
California,United States,"Huntington Botanical Gardens-San Marino, California",,,Gardenology
California,United States,"Humboldt Botanical Garden-Eureka, California",,,Gardenology
California,United States,"Japanese Friendship Garden-San Jose, California",,,Gardenology
California,United States,"Jensen Botanical Gardens-Carmichael, California",,,Gardenology
California,United States,"The Japanese Garden-Van Nuys, California",,,Gardenology
California,United States,"Labadie Arboretum-Merritt College,Oakland, California",,,Gardenology
California,United States,"Leaning Pine Arboretum-San Luis Obispo, California",,,Gardenology
California,United States,"Living Desert Zoo and Gardens-Palm Desert, California",,,Gardenology
California,United States,"Los Angeles County Arboretum and Botanic Garden-Arcadia,California",,,Gardenology
California,United States,"Lotusland-Montecito, California",,,Gardenology
California,United States,"Luther Burbank Home and Gardens-Santa Rosa, California",,,Gardenology
California,United States,"Marin-Bolinas Botanical Gardens-Bolinas, California",,,Gardenology
California,United States,"Markham Regional Arboretum-Concord, California",,,Gardenology
California,United States,"McConnell Arboretum and Gardens-Turtle Bay Exploration Park,Redding, California",,,Gardenology
California,United States,"William Joseph McInnes Botanic Garden and Campus Arboretum-Mills College,Oakland, California",,,Gardenology
California,United States,"Mendocino Coast Botanical Gardens-Fort Bragg, California",,,Gardenology
California,United States,"Mildred E. Mathias Botanical Garden-UCLA,Los Angeles,California",,,Gardenology
California,United States,"Moorten Botanical Garden and Cactarium-Palm Springs, California",,,Gardenology
California,United States,"Pikake Botanical Gardens-Valley Center, California",,,Gardenology
California,United States,"Quail Botanical Gardens-Encinitas, California",,,Gardenology
California,United States,"Quarryhill Botanic Garden-Glen Ellen, California",,,Gardenology
California,United States,"Rancho Santa Ana Botanic Garden-Claremont, California",,,Gardenology
California,United States,"Redding Arboretum-Turtle Bay Exploration Park,Redding, California",,,Gardenology
California,United States,"Regional Parks Botanic Garden-Berkeley, California",,,Gardenology
California,United States,"Virginia Robinson Gardens-Beverly Hills, California",,,Gardenology
California,United States,"John R. Rodman Arboretum-Pitzer College,Claremont, California",,,Gardenology
California,United States,"Rusch Botanical Gardens-Citrus Heights, California",,,Gardenology
California,United States,"Ruth Bancroft Garden-Walnut Creek, California",,,Gardenology
California,United States,"San Francisco Botanical Garden(Strybing Arboretum) -Golden Gate Park,San Francisco, California",,https://gardenology.mywikis.net/wiki/San_Francisco_Botanical_Garden,Gardenology
California,United States,"San Jose Municipal Rose Garden-San Jose, California",,,Gardenology
California,United States,"San Luis Obispo Botanical Garden-San Luis Obispo, California",,,Gardenology
California,United States,"San Mateo Arboretum-San Mateo, California",,,Gardenology
California,United States,"Santa Barbara Botanic Garden-Santa Barbara, California",,,Gardenology
California,United States,"Sherman Library and Gardens-Corona Del Mar, California",,,Gardenology
California,United States,"South Coast Botanic Garden-Palos Verdes, California",,,Gardenology
California,United States,"Stanford University Arboretum-Stanford University,Palo Alto, California",,,Gardenology
California,United States,"Strybing Arboretum-Golden Gate Park,San Francisco, California",,,Gardenology
California,United States,"Turtle Bay Exploration Park-Redding, California",,,Gardenology
California,United States,"University of California Botanical Garden-University of California, Berkeley,Oakland, California",,https://gardenology.mywikis.net/wiki/University_of_California_Botanical_Garden,Gardenology
California,United States,"University of California, Davis, Arboretum-Davis, California",,,Gardenology
California,United States,"University of California, Irvine, Arboretum-Irvine, California",,,Gardenology
California,United States,"University of California, Los Angeles, Botanical Garden-Los Angeles, California",,,Gardenology
California,United States,"University of California, Riverside, Botanic Gardens-Riverside, California",,,Gardenology
California,United States,"University of California, Santa Cruz, Arboretum-Santa Cruz, California",,,Gardenology
California,United States,"Villa Montalvo Arboretum-Saratoga, California",,,Gardenology
California,United States,"Wrigley Botanical Gardens-Santa Catalina Island, California",,,Gardenology
California,United States,"M. Young Botanic Garden-Kerman, California",,,Gardenology
Colorado,United States,"Chester M. Alter Arboretum-University of Denver,Denver, Colorado",,,Gardenology
Colorado,United States,"Andrews Arboretum-Boulder, Colorado",,,Gardenology
Colorado,United States,"Betty Ford Alpine Gardens-Vail, Colorado",,,Gardenology
Colorado,United States,"Denver Botanic Gardens-Denver, Colorado",,,Gardenology
Colorado,United States,"TheHudson Gardensand Event Center -Littleton, Colorado",,,Gardenology
Colorado,United States,"Montrose Botanic Gardens-Montrose, Colorado",,,Gardenology
Colorado,United States,"Shambhala Botanic Gardens-Red Feather Lakes, Colorado",,,Gardenology
Colorado,United States,"Western Colorado Botanical Gardens-Grand Junction, Colorado",,,Gardenology
Colorado,United States,"Yampa River Botanic Park-Steamboat Springs, Colorado",,,Gardenology
Connecticut,United States,"Bartlett Arboretum and Gardens-Stamford, Connecticut",,,Gardenology
Connecticut,United States,"Connecticut College Arboretum-New London, Connecticut",,,Gardenology
Connecticut,United States,"Dinosaur State Park and Arboretum-Rocky Hill, Connecticut",,,Gardenology
Connecticut,United States,"Harkness Memorial State Park-Waterford, Connecticut",,,Gardenology
Connecticut,United States,"Hartford Botanical Garden-Hartford, Connecticut",,,Gardenology
Connecticut,United States,"Highstead Arboretum-Redding, Connecticut",,,Gardenology
Connecticut,United States,"Marsh Botanical Garden-Yale University,New Haven, Connecticut",,,Gardenology
Connecticut,United States,"New Canaan Nature Center-New Canaan, Connecticut",,,Gardenology
Delaware,United States,"Delaware Center for Horticulture-Wilmington, Delaware",,,Gardenology
Delaware,United States,"Hagley Museum and Library-Greenville, Delaware",,,Gardenology
Delaware,United States,"Mt. Cuba Center-Greenville, Delaware",,,Gardenology
Delaware,United States,"Nemours Mansion and Gardens-Wilmington, Delaware",,,Gardenology
Delaware,United States,"University of Delaware Botanic Gardens-University of Delaware,Newark, Delaware",,,Gardenology
Delaware,United States,"Winterthur Museum and Grounds-Winterthur, Delaware",,,Gardenology
District of Columbia,United States,"Dumbarton Oaks-Washington, D.C.",,,Gardenology
District of Columbia,United States,"Hillwood Museum & Gardens- Washington, D.C.[1]",,,Gardenology
District of Columbia,United States,"Oak Hill Cemetery- Washington, D.C.",,,Gardenology
District of Columbia,United States,"Tudor Place- Washington, D.C.[2]",,,Gardenology
District of Columbia,United States,"United States Botanic Garden- Washington, D.C.",,,Gardenology
District of Columbia,United States,"United States National Arboretum- Washington, D.C.",,,Gardenology
Florida,United States,"American Orchid Society Visitor Center and Botanical Garden-Delray Beach, Florida",,,Gardenology
Florida,United States,"Arboretum of the University of Central Florida-Orlando, Florida",,,Gardenology
Florida,United States,"Bok Tower Gardens-Lake Wales, Florida",,,Gardenology
Florida,United States,"Busch Gardens-Tampa, Florida",,,Gardenology
Florida,United States,"Cypress Gardens-Winter Haven, Florida",,,Gardenology
Florida,United States,"Deerfield Beach Arboretum-Deerfield Beach, Florida",,,Gardenology
Florida,United States,"Edison and Ford Winter Estates-Fort Myers, Florida",,,Gardenology
Florida,United States,"Fairchild Tropical Botanic Garden-Coral Gables,Florida",,,Gardenology
Florida,United States,"Flamingo Gardens-Davie, Florida",,,Gardenology
Florida,United States,"The Florida Botanical Gardens-Largo, Florida",,,Gardenology
Florida,United States,"Florida Institute of Technology Botanical Gardens-Melbourne, Florida",,,Gardenology
Florida,United States,"Florida International University-Miami, Florida",,,Gardenology
Florida,United States,"Four Arts Gardens-Palm Beach, Florida",,,Gardenology
Florida,United States,"Fruit and Spice Park-Homestead, Florida",,,Gardenology
Florida,United States,"John C. Gifford Arboretum-University of Miami,Coral Gables, Florida",,,Gardenology
Florida,United States,"Harry P. Leu Gardens-Orlando, Florida",,,Gardenology
Florida,United States,"Heathcote Botanical Gardens-Fort Pierce, Florida",,,Gardenology
Florida,United States,"The Kampong(part of theNational Tropical Botanical Garden) -Miami, Florida",,,Gardenology
Florida,United States,"Kanapaha Botanical Gardens-Gainesville, Florida",,,Gardenology
Florida,United States,"Key West Botanical Forest and Garden-Key West, Florida",,,Gardenology
Florida,United States,"Alfred B. Maclay State Gardens-Tallahassee, Florida",,,Gardenology
Florida,United States,"McKee Botanical Garden-Vero Beach, Florida",,,Gardenology
Florida,United States,"Miami Beach Botanical Garden-Miami Beach, Florida",,,Gardenology
Florida,United States,"Montgomery Botanical Center-Coral Gables, Florida",,,Gardenology
Florida,United States,"Mounts Botanical Garden-West Palm Beach, Florida",,,Gardenology
Florida,United States,"Naples Botanical Garden-Naples, Florida",,,Gardenology
Florida,United States,"Nature Coast Botanical Gardens-Spring Hill, Florida",,,Gardenology
Florida,United States,"Palm and Cycad Arboretum-Florida Community College at Jacksonville,Jacksonville, Florida",,,Gardenology
Florida,United States,"Palma Sola Botanical Park-Bradenton, Florida",,,Gardenology
Florida,United States,"Roji-en Japanese Gardens-Morikami Museum and Japanese Gardens,Delray Beach, Florida",,,Gardenology
Florida,United States,"Sarasota Jungle Gardens-Sarasota, Florida",,,Gardenology
Florida,United States,"Marie Selby Botanical Gardens-Sarasota, Florida",,,Gardenology
Florida,United States,"Sunken Gardens-St. Petersburg, Florida",,,Gardenology
Florida,United States,"Unbelievable Acres Botanic Gardens-Palm Beach, Florida",,,Gardenology
Florida,United States,"University of South Florida Botanical Gardens-Tampa, Florida",,,Gardenology
Florida,United States,"Vizcaya Museum and Gardens-Miami, Florida",,,Gardenology
Georgia,United States,"Atlanta Botanical Garden-Atlanta, Georgia",,,Gardenology
Georgia,United States,"Bamboo Farm and Coastal Gardens-Savannah, Georgia",,,Gardenology
Georgia,United States,"Waddell Barnes Botanical Gardens-Macon State College,Macon, Georgia",,,Gardenology
Georgia,United States,"Callaway Gardens-Pine Mountain, Georgia",,,Gardenology
Georgia,United States,"Coastal Plain Research Arboretum-Tifton, Georgia",,,Gardenology
Georgia,United States,"DeKalb College Botanical Garden-Decatur, Georgia",,,Gardenology
Georgia,United States,"Fernbank Science Center-Atlanta, Georgia",,,Gardenology
Georgia,United States,"Georgia Golf Hall of Fame's Botanical Garden-Augusta, Georgia",,,Gardenology
Georgia,United States,"Georgia Perimeter College Botanical Garden-Decatur, Georgia",,,Gardenology
Georgia,United States,"Georgia Southern Botanical Garden-Statesboro, Georgia",,,Gardenology
Georgia,United States,"Fred Hamilton Rhododendron Garden-Hiawassee, Georgia",,,Gardenology
Georgia,United States,"Lockerly Arboretum-Milledgeville, Georgia",,,Gardenology
Georgia,United States,"Massee Lane Gardens-Fort Valley, Georgia",,,Gardenology
Georgia,United States,"Thompson Mills Forest-Braselton, Georgia",,,Gardenology
Georgia,United States,"The State Botanical Garden of Georgia-Athens, Georgia",,,Gardenology
Georgia,United States,"University of Georgia Campus Arboretum-Athens, Georgia",,,Gardenology
Georgia,United States,"Vines Botanical Gardens-Loganville, Georgia",,,Gardenology
Hawaii,United States,"Allerton Garden(part of theNational Tropical Botanical Garden) -Kauai,Hawaii",,,Gardenology
Hawaii,United States,"Foster Botanical Garden-Honolulu,Oahu,Hawaii",,,Gardenology
Hawaii,United States,"Amy B. H. Greenwell Ethnobotanical Garden-Bishop Museum,Captain Cook, Hawaii",,,Gardenology
Hawaii,United States,"Enchanting Floral Gardens of Kula, Maui-Kula,Maui,Hawaii",,,Gardenology
Hawaii,United States,"Hawaii Tropical Botanical Garden-Pāpa'ikou,Hawaii (island),Hawaii",,,Gardenology
Hawaii,United States,"Hi'iaka's Healing Herb Garden-Kea'au,Hawaii (island),Hawaii",,,Gardenology
Hawaii,United States,"Hilo Tropical Gardens-Hilo,Hawaii (island),Hawaii",,,Gardenology
Hawaii,United States,"Honolulu Botanical Gardens-Honolulu,Oahu,Hawaii",,,Gardenology
Hawaii,United States,"Ho'omaluhia Botanical Garden-Kāne'ohe,Oahu,Hawaii",,,Gardenology
Hawaii,United States,"Kahanu Garden(part of theNational Tropical Botanical Garden) -Maui,Hawaii",,,Gardenology
Hawaii,United States,"Kaia Ranch Tropical Botanical Gardens-Hāna,Maui,Hawaii",,,Gardenology
Hawaii,United States,"Kapiolani Community College Cactus Garden-Honolulu,Oahu,Hawaii",,,Gardenology
Hawaii,United States,"Ke'anae Arboretum-Maui,Hawaii",,,Gardenology
Hawaii,United States,"Koko Crater Botanical Garden-Oahu,Hawaii",,,Gardenology
Hawaii,United States,"Kula Botanical Garden-Maui,Hawaii",,,Gardenology
Hawaii,United States,"Lawai-kai(part of theNational Tropical Botanical Garden) -Kauai,Hawaii",,,Gardenology
Hawaii,United States,"Liliʻuokalani Botanical Garden-Honolulu,Oahu,Hawaii",,,Gardenology
Hawaii,United States,"Liliʻuokalani Park and Gardens-Hilo,Hawaii (island),Hawaii",,,Gardenology
Hawaii,United States,"Limahuli Garden and Preserve(part of theNational Tropical Botanical Garden) -Kauai,Hawaii",,,Gardenology
Hawaii,United States,"Lyon Arboretum-Honolulu,Oahu,Hawaii",,,Gardenology
Hawaii,United States,"Manuka State Wayside Park- Route 11,Hawaii (island),Hawaii",,,Gardenology
Hawaii,United States,"Maui Zoological and Botanical Gardens-Kahului,Maui,Hawaii",,,Gardenology
Hawaii,United States,"Maui Nui Botanical Gardens-Kahului,Maui,Hawaii",,,Gardenology
Hawaii,United States,"McBryde Garden(part of theNational Tropical Botanical Garden) -Kauai,Hawaii",,,Gardenology
Hawaii,United States,"Moir Gardens-Kauai,Hawaii",,,Gardenology
Hawaii,United States,"Na 'Aina Kai Botanical Gardens-Kauai,Hawaii",,,Gardenology
Hawaii,United States,"Nani Mau Gardens-Hilo,Hawaii (island),Hawaii",,,Gardenology
Hawaii,United States,"Olu Pua Botanical Garden and Plantation-Kauai,Hawaii",,,Gardenology
Hawaii,United States,"Pua Mau Place Arboretum and Botanical Garden-Kawaihae,Hawaii (island),Hawaii",,,Gardenology
Hawaii,United States,"Sadie Seymour Botanical Gardens-Kailua-Kona,Hawaii (island),Hawaii",,,Gardenology
Hawaii,United States,"Spirit of Aloha Oceanfront Botanical Gardens-Maui,Hawaii",,,Gardenology
Hawaii,United States,"Tropical Gardens of Maui-Wailuku,Maui,Hawaii",,,Gardenology
Hawaii,United States,"University of Hawaii at Hilo Botanical Gardens-Hilo,Hawaii (island),Hawaii",,,Gardenology
Hawaii,United States,"Wahiawa Botanical Garden-Oahu,Hawaii",,,Gardenology
Hawaii,United States,"Waimea Valley-Haleiwa,Oahu,Hawaii",,,Gardenology
Hawaii,United States,"World Botanical Gardens-Hilo,Hawaii (island),Hawaii",,,Gardenology
Idaho,United States,"Arboretum Park-Eagle, Idaho",,,Gardenology
Idaho,United States,"Idaho Botanical Garden-Boise, Idaho",,,Gardenology
Idaho,United States,"Idaho State Arboretum-Idaho State University,Pocatello, Idaho",,,Gardenology
Idaho,United States,"Sawtooth Botanical Garden-Ketchum, Idaho",,,Gardenology
Idaho,United States,"University of Idaho Arboretum and Botanical Garden-Moscow, Idaho",,,Gardenology
Illinois,United States,"Anderson Japanese Gardens-Rockford, Illinois",,,Gardenology
Illinois,United States,"Cantigny Park-Wheaton, Illinois",,,Gardenology
Illinois,United States,"Chicago Botanic Garden-Glencoe, Illinois",,,Gardenology
Illinois,United States,"Fell Arboretum-Illinois State University,Normal, Illinois",,,Gardenology
Illinois,United States,"Garfield Park Conservatory-Chicago, Illinois",,,Gardenology
Illinois,United States,"Mabery Gelvin Botanical Garden-Mahomet, Illinois",,,Gardenology
Illinois,United States,"Klehm Arboretum and Botanic Garden-Rockford, Illinois",,,Gardenology
Illinois,United States,"Ladd Arboretum-Evanston, Illinois",,,Gardenology
Illinois,United States,"Lilacia Park-Lombard, Illinois",,,Gardenology
Illinois,United States,"Lincoln Memorial Gardens-Springfield, Illinois",,,Gardenology
Illinois,United States,"Lincoln Park Conservatory-Chicago, Illinois",,,Gardenology
Illinois,United States,"Longview Park Conservatory and Gardens-Rock Island, Illinois",,,Gardenology
Illinois,United States,"George L. Luthy Memorial Botanical Garden-Peoria, Illinois",,,Gardenology
Illinois,United States,"Morton Arboretum-Lisle, Illinois",,,Gardenology
Illinois,United States,"Oak Park Conservatory-Oak Park, Illinois",,,Gardenology
Illinois,United States,"Don Opel Arboretum-Highland Community College,Freeport, Illinois",,,Gardenology
Illinois,United States,"Quad City Botanical Center-Rock Island, Illinois",,,Gardenology
Illinois,United States,"Starhill Forest Arboretum-Petersburg, Illinois",,,Gardenology
Illinois,United States,"University of Chicago Botanic Garden-University of Chicago,Chicago, Illinois",,,Gardenology
Illinois,United States,"University of Illinois Arboretum-University of Illinois,Urbana, Illinois",,,Gardenology
Illinois,United States,"University of Illinois Conservatory and Plant Collection-University of Illinois,Urbana, Illinois",,,Gardenology
Illinois,United States,"Washington Park (Springfield)-Springfield, Illinois",,,Gardenology
Illinois,United States,"Wilder Park Conservatory-Elmhurst, Illinois",,,Gardenology
Indiana,United States,"Indiana University Arboretum -Indiana University (Bloomington),Bloomington, Indiana",,,Gardenology
Indiana,United States,"Christy Woods-Ball State University,Muncie, Indiana",,,Gardenology
Indiana,United States,"Jerry E. Clegg Botanic Garden-Lafayette, Indiana",,,Gardenology
Indiana,United States,"Foellinger-Freimann Botanical Conservatory-Fort Wayne, Indiana",,,Gardenology
Indiana,United States,"Garfield Park Conservatory and Sunken Gardens-Indianapolis, Indiana",,,Gardenology
Indiana,United States,"Greenfield Herb Garden -Shipshewana, Indiana",,,Gardenology
Indiana,United States,"Hayes Arboretum-Richmond, Indiana",,,Gardenology
Indiana,United States,"Holcomb Gardens-Butler University,Indianapolis, Indiana",,,Gardenology
Indiana,United States,"Huntington University Arboretum and Botanical Garden-Huntington, Indiana",,,Gardenology
Indiana,United States,"Morris Conservatory and Muessel-Ellison Tropical Gardens-South Bend, Indiana",,,Gardenology
Indiana,United States,"Purdue University Horticulture Gardens-Purdue University,West Lafayette, Indiana",,,Gardenology
Indiana,United States,"South Bend Conservatory-South Bend, Indiana",,,Gardenology
Indiana,United States,"Taltree Arboretum and Gardens-Valparaiso, Indiana",,,Gardenology
Indiana,United States,"Wheeler Orchid Collection and Species Bank-Ball State University,Muncie, Indiana",,,Gardenology
Indiana,United States,"White River Gardens-Indianapolis, Indiana",,,Gardenology
Iowa,United States,"Bickelhaupt Arboretum-Clinton, Iowa",,,Gardenology
Iowa,United States,"Arie den Boer Arboretum-Des Moines, Iowa",,,Gardenology
Iowa,United States,"Buxton Park Arboretum-Indianola, Iowa",,,Gardenology
Iowa,United States,"Brenton Arboretum-Dallas Center, Iowa",,,Gardenology
Iowa,United States,"Cedar Valley Arboretum and Botanic Gardens-Waterloo, Iowa",,,Gardenology
Iowa,United States,"Crapo Park-Burlington, Iowa",,,Gardenology
Iowa,United States,"Des Moines Botanical Center-Des Moines, Iowa",,,Gardenology
Iowa,United States,"Dubuque Arboretum and Botanical Gardens-Dubuque, Iowa",,,Gardenology
Iowa,United States,"Forest Park Museum and Arboretum-Perry, Iowa",,,Gardenology
Iowa,United States,"Frontier Organic Research Farm Botanical Garden-Norway, Iowa",,,Gardenology
Iowa,United States,"Iowa Arboretum-Madrid, Iowa",,,Gardenology
Iowa,United States,"Lilac Arboretum and Children's Forest-Des Moines, Iowa",,,Gardenology
Iowa,United States,"Muscatine Arboretum-Muscatine, Iowa",,,Gardenology
Iowa,United States,"Newton Arboretum and Botanical Gardens-Newton, Iowa",,,Gardenology
Iowa,United States,"Reiman Gardens-Ames, Iowa",,,Gardenology
Iowa,United States,"Stampe Lilac Garden-Davenport, Iowa",,,Gardenology
Iowa,United States,"University of Northern Iowa Teaching and Research Greenhouse-University of Northern Iowa,Cedar Falls, Iowa",,,Gardenology
Iowa,United States,"Vander Veer Botanical Park-Davenport, Iowa",,,Gardenology
Kansas,United States,"Bartlett Arboretum (Kansas)-Belle Plaine, Kansas",,,Gardenology
Kansas,United States,"Botanica, The Wichita Gardens-Wichita, Kansas",,,Gardenology
Kansas,United States,"Dyck Arboretum of the Plains-Hesston, Kansas",,,Gardenology
Kansas,United States,"International Forest of Friendship-Atchison, Kansas",,,Gardenology
Kansas,United States,"Kansas Landscape Arboretum-Wakefield, Kansas",,,Gardenology
Kansas,United States,"Kansas State University Gardens-Manhattan, Kansas",,,Gardenology
Kansas,United States,"Overland Park Arboretum and Botanical Gardens-Overland Park, Kansas",,,Gardenology
Kansas,United States,"Parsons Arboretum-Parsons, Kansas",,,Gardenology
Kansas,United States,"Reinisch Rose Garden and Doran Rock Garden-Topeka, Kansas",,,Gardenology
Kansas,United States,"Sedgwick County Extension Arboretum-Sedgwick County, Kansas",,,Gardenology
Kansas,United States,"Ward-Meade Park Botanical Gardens-Topeka, Kansas",,,Gardenology
Kentucky,United States,"Bernheim Arboretum and Research Forest-Clermont, Kentucky",,,Gardenology
Kentucky,United States,"Boone County Arboretum-Union, Kentucky",,,Gardenology
Kentucky,United States,"Cave Hill Cemetery-Louisville, Kentucky",,,Gardenology
Kentucky,United States,"Kentucky Horse Park Arboretum-Lexington, Kentucky",,,Gardenology
Kentucky,United States,"Lexington Cemetery-Lexington, Kentucky",,,Gardenology
Kentucky,United States,"Nannine Clay Wallis Arboretum-Paris, Kentucky",,,Gardenology
Kentucky,United States,"University of Kentucky/Lexington-Fayette Urban County Government Arboretum-Lexington, Kentucky",,,Gardenology
Kentucky,United States,"University of Kentucky Research and Education Center Botanical Garden-Princeton, Kentucky",,,Gardenology
Kentucky,United States,"Western Kentucky Botanical Garden-Owensboro, Kentucky",,,Gardenology
Louisiana,United States,The Gardens of the American Rose Center-Shreveport,,,Gardenology
Louisiana,United States,Biedenharn Museum and Gardens-Monroe,,,Gardenology
Louisiana,United States,"LSU Hilltop Arboretum-LSU,Baton Rouge",,,Gardenology
Louisiana,United States,Hodges Gardens State Park-Many,,,Gardenology
Louisiana,United States,Independence Park Botanic Gardens-Baton Rouge,,,Gardenology
Louisiana,United States,Jungle Gardens-Avery Island,,,Gardenology
Louisiana,United States,"Laurens Henry Cohn, Sr. Memorial Plant Arboretum-Baton Rouge",,,Gardenology
Louisiana,United States,Longue Vue House and Gardens-New Orleans,,,Gardenology
Louisiana,United States,Louisiana State Arboretum-Ville Platte,,,Gardenology
Louisiana,United States,Louisiana Tech University Arboretum-Ruston,,,Gardenology
Louisiana,United States,New Orleans Botanical Garden-New Orleans,,,Gardenology
Maine,United States,"Harvey Butler Memorial Rhododendron Sanctuary-Springvale, Maine",,,Gardenology
Maine,United States,"Coastal Maine Botanical Gardens-Boothbay, Maine",,,Gardenology
Maine,United States,"Ecotat Gardens and Arboretum-Hermon, Maine",,,Gardenology
Maine,United States,"Fay Hyland Botanical Plantation-University of Maine,Orono, Maine",,,Gardenology
Maine,United States,"Lyle E. Littlefield Ornamentals Trial Garden-University of Maine,Orono, Maine",,,Gardenology
Maine,United States,"Longfellow Arboretum-Portland, Maine",,,Gardenology
Maine,United States,"Perkins Arboretum-Colby College,Waterville, Maine",,,Gardenology
Maine,United States,"CarnegieScience Arboretum -Bates College,Lewiston, Maine",,,Gardenology
Maine,United States,"Pine Tree State Arboretum-Augusta, Maine",,,Gardenology
Maine,United States,"Shoreway Arboretum-Southern Maine Community College,South Portland, Maine",,,Gardenology
Maryland,United States,"Adkins Arboretum-Tuckahoe State Park,Ridgely, Maryland",,,Gardenology
Maryland,United States,"Brookside Gardens-Wheaton, Maryland",,,Gardenology
Maryland,United States,"Cylburn Arboretum-Baltimore, Maryland",,,Gardenology
Maryland,United States,"Helen Avalynne Tawes Garden-Annapolis, Maryland",,,Gardenology
Maryland,United States,"Historic London Town and Gardens-Edgewater, Maryland",,,Gardenology
Maryland,United States,"Ladew Topiary Gardens-Monkton, Maryland",,,Gardenology
Maryland,United States,"McCrillis Gardens-Bethesda, Maryland[1]",,,Gardenology
Maryland,United States,"Howard Peters Rawlings Conservatory and Botanic Gardens of Baltimore-Baltimore, Maryland",,,Gardenology
Maryland,United States,"St. John's Herb Garden-Bowie, Maryland",,,Gardenology
Maryland,United States,"Salisbury University Arboretum-Salisbury University,Salisbury, Maryland",,,Gardenology
Massachusetts,United States,"Arnold ArboretumofHarvard University-Boston,Massachusetts",,,Gardenology
Massachusetts,United States,"Berkshire Botanical Garden-Stockbridge, Massachusetts",,,Gardenology
Massachusetts,United States,"Boston Public Garden-Boston, Massachusetts",,,Gardenology
Massachusetts,United States,"The Case Estates-Weston, Massachusetts",,,Gardenology
Massachusetts,United States,"The Botanic Garden of Smith College-Smith College,Northampton, Massachusetts",,,Gardenology
Massachusetts,United States,"Elm Bank Horticulture Center-Wellesley, Massachusetts",,,Gardenology
Massachusetts,United States,"Garden in the Woods-Framingham, Massachusetts",,,Gardenology
Massachusetts,United States,"Hebert Arboretum-Pittsfield, Massachusetts",,,Gardenology
Massachusetts,United States,"Heritage Museums and Gardens-Sandwich, Massachusetts",,,Gardenology
Massachusetts,United States,"Hunnewell Arboretum-Wellesley, Massachusetts",,,Gardenology
Massachusetts,United States,"Mount Auburn Cemetery-Cambridge, Massachusetts",,,Gardenology
Massachusetts,United States,"Mount Holyoke College Botanic Garden-South Hadley, Massachusetts",,,Gardenology
Massachusetts,United States,"Polly Hill Arboretum-West Tisbury, Massachusetts",,,Gardenology
Massachusetts,United States,"Stanley Park of Westfield-Westfield, Massachusetts",,,Gardenology
Massachusetts,United States,"Stevens-Coolidge Place-North Andover, Massachusetts",,,Gardenology
Massachusetts,United States,"Tower Hill Botanic Garden-Boylston, Massachusetts",,,Gardenology
Michigan,United States,"Anna Scripps Whitcomb Conservatory-Detroit, Michigan",,,Gardenology
Michigan,United States,"W. J. Beal Botanical Garden-Michigan State University,East Lansing, Michigan",,,Gardenology
Michigan,United States,"Dow Gardens-Midland, Michigan",,,Gardenology
Michigan,United States,"Fernwood Botanical Garden and Nature Preserve-Niles, Michigan",,,Gardenology
Michigan,United States,"Frederik Meijer Gardens and Sculpture Park-Grand Rapids, Michigan",,,Gardenology
Michigan,United States,"Hidden Lake Gardens- nearTipton, Michigan",,,Gardenology
Michigan,United States,"Leila Arboretum-Battle Creek, Michigan",,,Gardenology
Michigan,United States,"Matthaei Botanical Gardens-University of Michigan,Ann Arbor, Michigan",,https://gardenology.mywikis.net/wiki/Matthaei_Botanical_Gardens,Gardenology
Michigan,United States,"Michigan State University Horticulture Gardens-Michigan State University,East Lansing, Michigan",,,Gardenology
Michigan,United States,"Nichols Arboretum-University of Michigan,Ann Arbor, Michigan",,,Gardenology
Michigan,United States,"Slayton Arboretum-Hillsdale College,Hillsdale, Michigan",,,Gardenology
Michigan,United States,"McArthur Park Arboretum-Mt. Clemens, Michigan",,,Gardenology
Minnesota,United States,"Carleton College Cowling Arboretum-Northfield, Minnesota",,,Gardenology
Minnesota,United States,"Como Zoo and Conservatory-Saint Paul, Minnesota",,,Gardenology
Minnesota,United States,"Linnaeus Arboretum-Gustavus Adolphus College,St. Peter, Minnesota",,,Gardenology
Minnesota,United States,"Minnesota Landscape Arboretum-Chanhassen, Minnesota",,,Gardenology
Minnesota,United States,"Munsinger Gardens and Clemens Gardens-St. Cloud, Minnesota",,,Gardenology
Minnesota,United States,"Northland Arboretum-Paul Bunyan Conservation Area,Brainerd, Minnesota",,,Gardenology
Minnesota,United States,"Olcott Park Greenhouse-Virginia, Minnesota",,,Gardenology
Minnesota,United States,"Saint John's Arboretum- Saint John'sAbbeyandUniversity,Collegeville, Minnesota",,,Gardenology
Mississippi,United States,"Crosby Arboretum-Mississippi State University,Picayune, Mississippi",,,Gardenology
Mississippi,United States,"Forestry Sciences Laboratory Arboretum-Starkville, Mississippi",,,Gardenology
Mississippi,United States,"Jackson State University Botanical Garden-Jackson, Mississippi",,,Gardenology
Mississippi,United States,"Simmons Arboretum-Madison, Mississippi",,,Gardenology
Missouri,United States,"McAlester Arboretum-University of Missouri–Columbia,Columbia, Missouri",,,Gardenology
Missouri,United States,"Missouri Botanical Garden-St. Louis, Missouri",,,Gardenology
Missouri,United States,"Missouri State Arboretum-Northwest Missouri State University,Maryville, Missouri",,,Gardenology
Missouri,United States,"Mizzou Botanic Garden-University of Missouri–Columbia,Columbia, Missouri",,,Gardenology
Missouri,United States,"Powell Gardens-Kingsville, Missouri",,,Gardenology
Missouri,United States,"Shaw Nature Reserve-Gray Summit, Missouri",,,Gardenology
Missouri,United States,"The Ewing and Muriel Kauffman Memorial Garden-Kansas City, Missouri",,,Gardenology
Montana,United States,"International Larix Arboretum-Hungry Horse, Montana",,,Gardenology
Montana,United States,"Montana Arboretum and Gardens-Montana State University,Bozeman, Montana",,,Gardenology
Montana,United States,"TheUniversity of Montana Herbarium-University of Montana,Missoula, Montana",,,Gardenology
Nebraska,United States,"Alice Abel Arboretum-Nebraska Wesleyan University,Lincoln, Nebraska",,,Gardenology
Nebraska,United States,"Arbor Lodge State Historical Park and Arboretum-Nebraska City, Nebraska",,,Gardenology
Nebraska,United States,"Doane College Osterhout Arboretum-Doane College,Crete, Nebraska",,,Gardenology
Nebraska,United States,"Governor Furnas Arboretum-Brownville, Nebraska",,,Gardenology
Nebraska,United States,"Gilman Park Arboretum-Pierce, Nebraska",,,Gardenology
Nebraska,United States,"Itha T. Krumme Memorial Arboretum-Falls City, Nebraska",,,Gardenology
Nebraska,United States,"Lauritzen Gardens, Omaha's Botanical Center-Omaha, Nebraska",,,Gardenology
Nebraska,United States,"Maxwell Arboretum-University of Nebraska,Lincoln, Nebraska",,,Gardenology
Nebraska,United States,"D. A. Murphy Panhandle Arboretum-Scottsbluff, Nebraska",,,Gardenology
Nebraska,United States,"Nebraska Statewide Arboretum-University of Nebraska,Lincoln, Nebraska",,,Gardenology
Nebraska,United States,"Norris Forest School Arboretum-Hickman, Nebraska",,,Gardenology
Nebraska,United States,"Northfield Park Arboretum-Gering, Nebraska",,,Gardenology
Nebraska,United States,"State Fair Park Arboretum-Lincoln, Nebraska",,,Gardenology
Nebraska,United States,"Joshua C. Turner Arboretum-Union College,Lincoln, Nebraska",,,Gardenology
Nebraska,United States,"Wayne State College Arboretum-Wayne, Nebraska",,,Gardenology
Nevada,United States,"Alan Bible Botanical Garden-Boulder City, Nevada",,,Gardenology
Nevada,United States,"Ethel M Botanical Cactus Gardens-Henderson, Nevada",,,Gardenology
Nevada,United States,"The Gardens at the Las Vegas Springs Preserve-Las Vegas, Nevada",,,Gardenology
Nevada,United States,"Wilbur D. May Arboretum and Botanical Garden-Reno, Nevada",,,Gardenology
Nevada,United States,"Southern Nevada Zoological-Botanical Park-Las Vegas, Nevada",,,Gardenology
Nevada,United States,"University of Nevada, Las Vegas Arboretum-Las Vegas, Nevada",,,Gardenology
Nevada,United States,"University of Nevada, Reno Arboretum-Reno, Nevada",,,Gardenology
New Hampshire,United States,"Jesse Hepler Lilac Arboretum-University of New Hampshire,Durham, New Hampshire",,,Gardenology
New Hampshire,United States,"Nathan's Garden-Hanover, New Hampshire",,,Gardenology
New Hampshire,United States,"Rhododendron State Park-Fitzwilliam, New Hampshire",,,Gardenology
New Hampshire,United States,"Rockingham County Botanical Garden-Brentwood, New Hampshire",,,Gardenology
New Jersey,United States,"Lewis W. Barton Arboretum-Medford Township, New Jersey",,,Gardenology
New Jersey,United States,"Leonard J. Buck Garden-Far Hills, New Jersey",,,Gardenology
New Jersey,United States,"Sister Mary Grace Burns Arboretum-Georgian Court University,Lakewood, New Jersey",,,Gardenology
New Jersey,United States,"Colonial Park Arboretum and Gardens-East Millstone, New Jersey",,,Gardenology
New Jersey,United States,"Duke Gardens-Somerville, New Jersey",,,Gardenology
New Jersey,United States,"Frelinghuysen Arboretum-Morristown, New Jersey",,,Gardenology
New Jersey,United States,"Cora Hartshorn Arboretum and Bird Sanctuary-Short Hills, New Jersey",,,Gardenology
New Jersey,United States,"Herrontown Woods Arboretum-Princeton, New Jersey",,,Gardenology
New Jersey,United States,"Holmdel Arboretum-Holmdel, New Jersey",,,Gardenology
New Jersey,United States,"Hunterdon County Arboretum-Lebanon, New Jersey",,,Gardenology
New Jersey,United States,"Leaming's Run Gardens-Swainton, New Jersey",,,Gardenology
New Jersey,United States,"New Jersey State Botanical Garden-Skylands,Ringwood, New Jersey",,,Gardenology
New Jersey,United States,"Presby Memorial Iris Gardens-Montclair, New Jersey",,,Gardenology
New Jersey,United States,"Reeves-Reed Arboretum-Summit, New Jersey",,,Gardenology
New Jersey,United States,"Rutgers Gardens-Rutgers University,New Brunswick, New Jersey",,,Gardenology
New Jersey,United States,"Sayen Park Botanical Garden-Hamilton Township, Mercer County, New Jersey",,,Gardenology
New Jersey,United States,"Skylands-Ringwood State Park,Ringwood, New Jersey",,,Gardenology
New Jersey,United States,"Stony Brook Millstone Watershed Arboretum-Pennington, New Jersey",,,Gardenology
New Jersey,United States,"Howard Van Vleck Arboretum-Montclair, New Jersey",,,Gardenology
New Jersey,United States,"Wagner Farm Arboretum-Warren, New Jersey",,,Gardenology
New Jersey,United States,"Willowwood Arboretum-Chester, New Jersey",,,Gardenology
New Jersey,United States,"Florence and Robert Zuck Arboretum-Drew University,Madison, New Jersey",,,Gardenology
New Mexico,United States,"Albuquerque Biological Park-Albuquerque, New Mexico",,,Gardenology
New Mexico,United States,"Living Desert Zoo and Gardens State Park-Carlsbad, New Mexico",,,Gardenology
New Mexico,United States,"New Mexico State University Botanical Garden-Las Cruces, New Mexico",,,Gardenology
New Mexico,United States,"Rio Grande Botanic Garden-Albuquerque, New Mexico",,,Gardenology
New Mexico,United States,"University of New Mexico Arboretum-University of New Mexico,Albuquerque, New Mexico",,,Gardenology
New York,United States,"Bailey Arboretum-Locust Valley, New York",,,Gardenology
New York,United States,"Bayard Cutting Arboretum State Park-Great River, New York",,,Gardenology
New York,United States,"Brooklyn Botanic Garden-Brooklyn, New York",,https://gardenology.mywikis.net/wiki/Brooklyn_Botanic_Garden,Gardenology
New York,United States,"Buffalo and Erie County Botanical Gardens-Buffalo, New York",,,Gardenology
New York,United States,"Mary Flagler Cary Arboretum-Millbrook, New York",,,Gardenology
New York,United States,"Clark Botanic Garden-Albertson, New York",,,Gardenology
New York,United States,"Clay Arboretum-Millbrook, New York",,,Gardenology
New York,United States,"Cornell Plantations-Cornell University,Ithaca, New York",,,Gardenology
New York,United States,"Cutler Botanic Garden-Binghamton, New York",,,Gardenology
New York,United States,"Ellwanger Garden-Rochester, New York",,,Gardenology
New York,United States,"Genesee Country Village and Museum-Mumford, New York",,,Gardenology
New York,United States,"Highland Park, Rochester, New York",,,Gardenology
New York,United States,"Hofstra University Arboretum-Hempstead, New York",,,Gardenology
New York,United States,"John P. Humes Japanese Stroll Garden-Mill Neck, New York",,,Gardenology
New York,United States,"Innisfree Garden-Millbrook, New York",,,Gardenology
New York,United States,"George Landis Arboretum-Esperance, New York",,,Gardenology
New York,United States,"Lasdon Park and Arboretum-Somers, New York",,,Gardenology
New York,United States,"Mountain Top Arboretum-Tannersville, New York",,,Gardenology
New York,United States,"Nannen Arboretum-Ellicottville, New York",,,Gardenology
New York,United States,"New York Botanical Garden-The Bronx,New York City,New York",,https://gardenology.mywikis.net/wiki/New_York_Botanical_Garden,Gardenology
New York,United States,"F.R. Newman Arboretum-Cornell Plantations,Ithaca, New York",,,Gardenology
New York,United States,"Planting Fields Arboretum- NearOyster Bay,New York",,,Gardenology
New York,United States,"Queens Botanical Garden-Flushing, New York",,,Gardenology
New York,United States,Ross Park Zoo,,,Gardenology
New York,United States,"Sonnenberg Mansion and Gardens-Canandaigua, New York",,,Gardenology
New York,United States,"Staten Island Botanical Garden-Staten Island,New York",,,Gardenology
New York,United States,"University of Rochester Arboretum-University of Rochester,Rochester, New York",,,Gardenology
New York,United States,"Vassar College Arboretum-Vassar College,Poughkeepsie, New York",,,Gardenology
New York,United States,"Wave Hill-The Bronx,New York City,New York",,,Gardenology
North Carolina,United States,"Airlie Gardens-Wilmington, North Carolina",,,Gardenology
North Carolina,United States,"The Bog Garden-Greensboro, North Carolina",,,Gardenology
North Carolina,United States,"Daniel Boone Native Gardens-Boone, North Carolina",,,Gardenology
North Carolina,United States,"Barred Owl Bend-Pittsboro, North Carolina",,,Gardenology
North Carolina,United States,"Botanical Gardens at Asheville-Asheville, North Carolina",,,Gardenology
North Carolina,United States,"Cape Fear Botanical Garden-Fayetteville, North Carolina",,,Gardenology
North Carolina,United States,"Charlotte Botanical Gardens-University of North Carolina at Charlotte,Charlotte, North Carolina",,,Gardenology
North Carolina,United States,"Cherokee Botanical Garden and Nature Trail-Cherokee, North Carolina",,,Gardenology
North Carolina,United States,"Coker Arboretum-University of North Carolina,Chapel Hill, North Carolina",,,Gardenology
North Carolina,United States,"Davidson College Arboretum-Davidson College,Davidson, North Carolina",,,Gardenology
North Carolina,United States,"Sarah P. Duke Gardens-Duke University,Durham, North Carolina",,,Gardenology
North Carolina,United States,"Greensboro Arboretum-Greensboro, North Carolina",,,Gardenology
North Carolina,United States,"Haywood Community College Arboretum-Haywood Community College,Clyde, North Carolina",,,Gardenology
North Carolina,United States,"William Lanier Hunt Arboretum-University of North Carolina at Chapel Hill,Chapel Hill, North Carolina",,,Gardenology
North Carolina,United States,"Juniper Level Botanic Gardens-Raleigh, North Carolina",,,Gardenology
North Carolina,United States,"New Hanover County Extension Service Arboretum-Wilmington, North Carolina",,,Gardenology
North Carolina,United States,"North Carolina Arboretum-Asheville, North Carolina",,,Gardenology
North Carolina,United States,"North Carolina Botanical Garden-University of North Carolina at Chapel Hill,Chapel Hill, North Carolina",,,Gardenology
North Carolina,United States,"North Carolina State University Arboretum-North Carolina State University,Raleigh, North Carolina",,,Gardenology
North Carolina,United States,"J.C. Raulston Arboretum-North Carolina State University,Raleigh, North Carolina",,,Gardenology
North Carolina,United States,"Reynolda Gardens-Wake Forest University,Winston-Salem, North Carolina",,,Gardenology
North Carolina,United States,"Sandhills Horticultural Gardens-Sandhills Community College,Pinehurst, North Carolina",,,Gardenology
North Carolina,United States,"Daniel Stowe Botanical Garden-Belmont, North Carolina",,,Gardenology
North Carolina,United States,"Tanglewood Park Arboretum and Rose Garden-Clemmons, North Carolina",,,Gardenology
North Carolina,United States,"University of North Carolina at Asheville Botanical Gardens-University of North Carolina at Asheville,Asheville, North Carolina",,,Gardenology
North Carolina,United States,"University of North Carolina at Charlotte Botanical Gardens-University of North Carolina at Charlotte,Charlotte, North Carolina",,,Gardenology
North Carolina,United States,"University of North Carolina at Wilmington Arboretum-University of North Carolina at Wilmington,Wilmington, North Carolina",,,Gardenology
North Carolina,United States,"Wing Haven Gardens and Bird Sanctuary-Charlotte, North Carolina",,,Gardenology
North Dakota,United States,"Berthold Public School Arboretum-Berthold, North Dakota",,,Gardenology
North Dakota,United States,"Denbigh Experimental Forest-Towner, North Dakota",,,Gardenology
North Dakota,United States,"Fort Stevenson State Park Arboretum-Garrison, North Dakota",,,Gardenology
North Dakota,United States,"Gunlogson Arboretum Nature Preserve-Cavalier, North Dakota",,,Gardenology
North Dakota,United States,"Myra Arboretum-Larimore, North Dakota",,,Gardenology
Ohio,United States,"Chadwick Arboretum-Ohio State University,Columbus, Ohio",,,Gardenology
Ohio,United States,"Cincinnati Zoo and Botanical Garden-Cincinnati, Ohio",,,Gardenology
Ohio,United States,"Cleveland Botanical Garden-Cleveland, Ohio",,,Gardenology
Ohio,United States,"Cox Arboretum and Gardens MetroPark-Dayton, Ohio",,,Gardenology
Ohio,United States,"Dawes Arboretum-Newark, Ohio",,,Gardenology
Ohio,United States,"Fellows Riverside Gardens- Mill Creek Metro Parks,Youngstown, Ohio",,,Gardenology
Ohio,United States,"Franklin Park Conservatory-Columbus, Ohio",,,Gardenology
Ohio,United States,"Gardenview Horticultural Park-Strongsville, Ohio",,,Gardenology
Ohio,United States,"Holden Arboretum-Kirtland, Ohio",,,Gardenology
Ohio,United States,"Inniswood Botanical Garden and Nature Preserve-Westerville, Ohio",,,Gardenology
Ohio,United States,"Kingwood Center-Mansfield, Ohio",,,Gardenology
Ohio,United States,"Kraus Preserve-Delaware, Ohio",,,Gardenology
Ohio,United States,"Krohn Conservatory-Cincinnati, Ohio",,,Gardenology
Ohio,United States,"Mt. Airy Arboretum-Cincinnati, Ohio",,,Gardenology
Ohio,United States,"Ramser Arboretum-Danville, Ohio",,,Gardenology
Ohio,United States,"Stanley M. Rowe Arboretum-Indian Hill, Ohio",,,Gardenology
Ohio,United States,"Schedel Arboretum and Gardens-Elmore, Ohio",,,Gardenology
Ohio,United States,"Secrest Arboretum-Wooster, Ohio",,,Gardenology
Ohio,United States,"Spring Grove Cemetery-Cincinnati, Ohio",,,Gardenology
Ohio,United States,"Stan Hywet Hall and Gardens-Akron, Ohio",,,Gardenology
Ohio,United States,"R. A. Stranahan Arboretum-University of Toledo,Toledo, Ohio",,,Gardenology
Ohio,United States,"Toledo Botanical Garden-Toledo, Ohio",,,Gardenology
Ohio,United States,"Woodland Cemetery and Arboretum-Dayton, Ohio",,,Gardenology
Oklahoma,United States,"Cann Memorial Botanical Gardens-Ponca City, Oklahoma",,,Gardenology
Oklahoma,United States,"Cedarvale Botanic Garden and Restaurant-Davis, Oklahoma",,,Gardenology
Oklahoma,United States,"Garrard Ardeneum-McAlester, Oklahoma",,,Gardenology
Oklahoma,United States,"Hambrick Botanical Gardens-Oklahoma City, Oklahoma",,,Gardenology
Oklahoma,United States,"Honor Heights Park-Muskogee, Oklahoma",,,Gardenology
Oklahoma,United States,"Kerr Arboretum and Botanical Area-Talihina, Oklahoma",,,Gardenology
Oklahoma,United States,"Lendonwood Gardens-Grove, Oklahoma",,,Gardenology
Oklahoma,United States,"Jo Allyn Lowe Park-Bartlesville, Oklahoma",,,Gardenology
Oklahoma,United States,"McAlester Arboretum-McAlester, Oklahoma",,,Gardenology
Oklahoma,United States,"Midwest City Hall Arboretum-Midwest City, Oklahoma",,,Gardenology
Oklahoma,United States,"Morrison Arboretum-Morrison, Oklahoma",,,Gardenology
Oklahoma,United States,"Myriad Botanical Gardens-Oklahoma City, Oklahoma",,,Gardenology
Oklahoma,United States,"North Central Oklahoma Cactus Botanical Garden-Covington, Oklahoma",,,Gardenology
Oklahoma,United States,"North Oklahoma Botanical Garden and Arboretum-Northern Oklahoma College,Tonkawa, Oklahoma",,,Gardenology
Oklahoma,United States,"Oklahoma Botanical Garden and Arboretum-Oklahoma State University,Stillwater, Oklahoma",,,Gardenology
Oklahoma,United States,"Oklahoma City Zoological Park and Botanical Garden-Oklahoma City, Oklahoma",,,Gardenology
Oklahoma,United States,"Washington Irving Memorial Park and Arboretum-Bixby, Oklahoma",,,Gardenology
Oklahoma,United States,"Will Rogers Horticultural Gardens-Oklahoma City, Oklahoma",,,Gardenology
Oklahoma,United States,"Woodward Park-Tulsa, Oklahoma",,,Gardenology
Oregon,United States,"Beekman Native Plant Arboretum-Jacksonville, Oregon",,,Gardenology
Oregon,United States,"Berry Botanic Garden-Portland, Oregon",,,Gardenology
Oregon,United States,"Bush's Pasture Park-Salem, Oregon",,,Gardenology
Oregon,United States,"Crystal Springs Rhododendron Garden-Portland, Oregon",,,Gardenology
Oregon,United States,"Darlingtonia Botanical Wayside-Florence, Oregon",,,Gardenology
Oregon,United States,"Claire Hanley Arboretum-Medford, Oregon",,,Gardenology
Oregon,United States,"Hoyt Arboretum-Portland, Oregon",,,Gardenology
Oregon,United States,"International Rose Test Garden-Portland, Oregon",,,Gardenology
Oregon,United States,"Leach Botanical Garden-Portland, Oregon",,,Gardenology
Oregon,United States,"Lithia Park-Ashland, Oregon",,,Gardenology
Oregon,United States,"Martha Springer Botanical Garden-Willamette University,Salem, Oregon",,,Gardenology
Oregon,United States,"Mount Pisgah Arboretum-Eugene, Oregon",,,Gardenology
Oregon,United States,"Oregon Garden-Silverton, Oregon",,,Gardenology
Oregon,United States,"Oregon Trail Arboretum-Echo, Oregon",,,Gardenology
Oregon,United States,"Palmerton Arboretum-Rogue River, Oregon",,,Gardenology
Oregon,United States,"Peavy Arboretum-Oregon State University,Corvallis, Oregon",,,Gardenology
Oregon,United States,"Portland Classical Chinese Garden-Portland, Oregon",,,Gardenology
Oregon,United States,"Portland Japanese Garden-Portland, Oregon",,,Gardenology
Oregon,United States,"Shore Acres State Park-Coos Bay, Oregon",,,Gardenology
Oregon,United States,"Western Deer Park and Arboretum-Sheridan, Oregon",,,Gardenology
Pennsylvania,United States,"American College Arboretum-Bryn Mawr, Pennsylvania",,,Gardenology
Pennsylvania,United States,"Appleford/Parsons-Banks Arboretum-Villanova, Pennsylvania",,,Gardenology
Pennsylvania,United States,"The Arboretum of the Barnes Foundation-Merion, Pennsylvania",,,Gardenology
Pennsylvania,United States,"The Arboretum at Penn State-Pennsylvania State University,State College, Pennsylvania",,,Gardenology
Pennsylvania,United States,"Arboretum at Penn State Behrend-Erie, Pennsylvania",,,Gardenology
Pennsylvania,United States,"Arboretum Villanova-Villanova, Pennsylvania",,,Gardenology
Pennsylvania,United States,"Awbury Arboretum-Philadelphia, Pennsylvania",,,Gardenology
Pennsylvania,United States,"Bartram's Garden-Philadelphia, Pennsylvania",,,Gardenology
Pennsylvania,United States,"The Botanic Garden of Western Pennsylvania-North Fayette Township, Pennsylvania",,,Gardenology
Pennsylvania,United States,"Bowman's Hill Wildflower Preserve,New Hope, Pennsylvania",,,Gardenology
Pennsylvania,United States,"Brandywine Wildflower and Native Plant Gardens-Brandywine River Museum,Chadds Ford, Pennsylvania",,,Gardenology
Pennsylvania,United States,"Bryn Mawr Campus Arboretum-Bryn Mawr College,Bryn Mawr, Pennsylvania",,,Gardenology
Pennsylvania,United States,"Centennial Arboretum-Philadelphia, Pennsylvania",,,Gardenology
Pennsylvania,United States,"Chanticleer Garden-Wayne, Pennsylvania",,,Gardenology
Pennsylvania,United States,"Chatham College Arboretum-Pittsburgh, Pennsylvania",,,Gardenology
Pennsylvania,United States,"Crozer Arboretum-Upland, Pennsylvania",,,Gardenology
Pennsylvania,United States,"William F. Curtis Arboretum-Cedar Crest College,Allentown, Pennsylvania",,,Gardenology
Pennsylvania,United States,"Curtis Hall Arboretum-Wyncote, Pennsylvania","often listed asElkins Park, Pennsylvania",,Gardenology
Pennsylvania,United States,"Lee and Virginia Graver Arboretum-Muhlenberg College,Bath, Pennsylvania",,,Gardenology
Pennsylvania,United States,"Haverford College Arboretum-Haverford College,Haverford, Pennsylvania",,,Gardenology
Pennsylvania,United States,"Henry Foundation for Botanical Research-Gladwyne, Pennsylvania",,,Gardenology
Pennsylvania,United States,"Hershey Gardens-Hershey, Pennsylvania",,,Gardenology
Pennsylvania,United States,"Holtwood Arboretum-Holtwood, Pennsylvania",,,Gardenology
Pennsylvania,United States,"The Horticulture Center (Philadelphia)-Philadelphia, Pennsylvania",,,Gardenology
Pennsylvania,United States,"Jenkins Arboretum-Devon, Pennsylvania",,,Gardenology
Pennsylvania,United States,"Lake Erie Arboretum-Erie, Pennsylvania",,,Gardenology
Pennsylvania,United States,"Liberty Forge Arboretum-Mechanicsburg, Pennsylvania",,,Gardenology
Pennsylvania,United States,"Longwood Gardens-Kennett Square, Pennsylvania",,,Gardenology
Pennsylvania,United States,"Marywood University Arboretum-Scranton, Pennsylvania",,,Gardenology
Pennsylvania,United States,"Merion Botanical Park-Merion, Pennsylvania",,,Gardenology
Pennsylvania,United States,"Mont Alto Arboretum-Pennsylvania State University,Mont Alto, Pennsylvania",,,Gardenology
Pennsylvania,United States,"Morris Arboretum-University of Pennsylvania,Philadelphia, Pennsylvania",,,Gardenology
Pennsylvania,United States,"TheNational Aviary-Pittsburgh, Pennsylvania",,,Gardenology
Pennsylvania,United States,"Phipps Conservatory and Botanical Gardens-Pittsburgh, Pennsylvania",,,Gardenology
Pennsylvania,United States,"Renziehausen Park Rose Garden and Arboretum-McKeesport, Pennsylvania",,,Gardenology
Pennsylvania,United States,"Rodef Shalom Biblical Botanical Garden-Pittsburgh, Pennsylvania",,,Gardenology
Pennsylvania,United States,"Henry Schmieder Arboretum-Delaware Valley College,Doylestown, Pennsylvania",,,Gardenology
Pennsylvania,United States,"Scott Arboretum-Swarthmore College,Swarthmore, Pennsylvania",,,Gardenology
Pennsylvania,United States,"Swiss Pines-Malvern, Pennsylvania",,,Gardenology
Pennsylvania,United States,"Louise Arnold Tanger Arboretum-Lancaster, Pennsylvania",,,Gardenology
Pennsylvania,United States,"Taylor Memorial Arboretum-Wallingford, Pennsylvania",,,Gardenology
Pennsylvania,United States,"John J. Tyler Arboretum-Media, Pennsylvania",,,Gardenology
Pennsylvania,United States,"Welkinweir-Pottstown, Pennsylvania",,,Gardenology
Rhode Island,United States,"Blithewold Mansion, Gardens and Arboretum-Bristol, Rhode Island",,,Gardenology
Rhode Island,United States,"Dr. Everett Christopher Memorial Arboretum-University of Rhode Island,Kingston, Rhode Island",,,Gardenology
Rhode Island,United States,"Wilcox Park-Westerly, Rhode Island",,,Gardenology
Rhode Island,United States,"URI Botanical Gardens-Kingston, Rhode Island",,,Gardenology
South Carolina,United States,"W. Gordon Belser Arboretum-University of South Carolina,Columbia, South Carolina",,,Gardenology
South Carolina,United States,"Brookgreen Gardens-Pawleys Island, South Carolina",,,Gardenology
South Carolina,United States,"Cypress Gardens (South Carolina)-Moncks Corner, South Carolina",,,Gardenology
South Carolina,United States,"Furman University Japanese Garden-Furman University,Greenville, South Carolina",,,Gardenology
South Carolina,United States,"Kalmia Gardens-Coker College,Hartsville, South Carolina",,,Gardenology
South Carolina,United States,"Magnolia Plantation and Gardens-Charleston, South Carolina",,,Gardenology
South Carolina,United States,"Mepkin Abbey Botanical Garden-Moncks Corner, South Carolina",,,Gardenology
South Carolina,United States,"Middleton Place-Charleston, South Carolina",,,Gardenology
South Carolina,United States,"Park Seed Company Gardens-Greenwood, South Carolina",,,Gardenology
South Carolina,United States,"Riverbanks Zoo and Garden-Columbia, South Carolina",,,Gardenology
South Carolina,United States,"South Carolina Botanical Garden-Clemson University,Clemson, South Carolina",,,Gardenology
South Carolina,United States,"Summerville Azalea Park-Summerville, South Carolina",,,Gardenology
South Carolina,United States,"Wells Japanese Garden-Newberry, South Carolina",,,Gardenology
South Dakota,United States,"The Journey Museum and Gardens-Rapid City, South Dakota",,,Gardenology
South Dakota,United States,"Kuhnert Arboretum-Aberdeen, South Dakota",,,Gardenology
South Dakota,United States,"McCrory Gardens and South Dakota Arboretum-South Dakota State University,Brookings, South Dakota",,,Gardenology
Tennessee,United States,"Belle Meade Plantation-Nashville, Tennessee",,,Gardenology
Tennessee,United States,"Bonny Oaks Arboretum-Chattanooga, Tennessee",,,Gardenology
Tennessee,United States,"Daniel Boone Arboretum-Harrogate, Tennessee",,,Gardenology
Tennessee,United States,"Burchfiel Grove and Arboretum-Sevierville, Tennessee",,,Gardenology
Tennessee,United States,"Cheekwood Botanical Gardensand Museum of Art -Nashville, Tennessee",,,Gardenology
Tennessee,United States,"Cherokee Arboretum at Audubon Acres-Chattanooga, Tennessee",,,Gardenology
Tennessee,United States,"Cherokee Trail Arboretum-Chattanooga, Tennessee",,,Gardenology
Tennessee,United States,"Clarksville City Arboretum-Clarksville, Tennessee",,,Gardenology
Tennessee,United States,"Gerald D. Coorts Memorial Arboretum-Tennessee Technological University,Cookeville, Tennessee",,,Gardenology
Tennessee,United States,"Deerwood Arboretum and Nature Area-Brentwood, Tennessee",,,Gardenology
Tennessee,United States,"Dixon Gallery and Gardens-Memphis, Tennessee",,,Gardenology
Tennessee,United States,"East Tennessee State University Arboretum-East Tennessee State University,Johnson City, Tennessee",,,Gardenology
Tennessee,United States,"Hermitage Arboretum-Nashville, Tennessee",,,Gardenology
Tennessee,United States,"Interstate Packaging Arboretum-White Bluff, Tennessee",,,Gardenology
Tennessee,United States,"Knoxville Botanical Garden and Arboretum-Knoxville, Tennessee",,,Gardenology
Tennessee,United States,"Memphis Botanic Garden-Memphis, Tennessee",,,Gardenology
Tennessee,United States,"Old Forest Arboretum of Overton Park-Memphis, Tennessee",,,Gardenology
Tennessee,United States,"Old Hickory Lake Arboretum-Old Hickory, Tennessee",,,Gardenology
Tennessee,United States,"Carlisle S. Page Arboretum-Memphis, Tennessee",,,Gardenology
Tennessee,United States,"Louise Pearson Memorial Arboretum-Crockett County, Tennessee",,,Gardenology
Tennessee,United States,"Reflection Riding Arboretum and Botanical Garden-Chattanooga, Tennessee",,,Gardenology
Tennessee,United States,"Stones River Greenway Arboretum-Murfreesboro, Tennessee",,,Gardenology
Tennessee,United States,"University of Tennessee Arboretum-Oak Ridge, Tennessee",,,Gardenology
Tennessee,United States,"University of Tennessee Botanical Gardens-University of Tennessee at Martin,Martin, Tennessee",,,Gardenology
Texas,United States,"Amarillo Botanical Garden-Amarillo, Texas",,,Gardenology
Texas,United States,"D. A. ""Andy"" Anderson Arboretum-College Station, Texas",,,Gardenology
Texas,United States,"Beaumont Botanical Gardens-Beaumont, Texas",,,Gardenology
Texas,United States,"Brazos County Arboretum-College Station, Texas",,,Gardenology
Texas,United States,"Carleen Bright Arboretum-Woodway, Texas",,,Gardenology
Texas,United States,"Chihuahuan Desert Nature Center and Botanical Gardens-Fort Davis, Texas",,,Gardenology
Texas,United States,"Corpus Christi Botanical Gardens and Nature Center-Corpus Christi, Texas",,,Gardenology
Texas,United States,"Dallas Arboretum and Botanical Garden-Dallas, Texas",,,Gardenology
Texas,United States,"East Texas Arboretum and Botanical Society-Athens, Texas",,,Gardenology
Texas,United States,"Fort Worth Botanic Garden-Fort Worth, Texas",,,Gardenology
Texas,United States,"Houston Arboretum and Nature Center-Houston, Texas",,,Gardenology
Texas,United States,"Lady Bird Johnson Wildflower Center-Austin, Texas",,,Gardenology
Texas,United States,"Lynn R. Lowrey Arboretum-Rice University,Houston, Texas",,,Gardenology
Texas,United States,"Mast Arboretum-Stephen F. Austin State University,Nacogdoches, Texas",,,Gardenology
Texas,United States,"McAllen Botanical Gardens-McAllen, Texas",,,Gardenology
Texas,United States,"Mercer Arboretum and Botanic Gardens-Humble, Texas",,,Gardenology
Texas,United States,"Riverside Nature Center-Kerrville,Texas",,,Gardenology
Texas,United States,"San Antonio Botanical Garden-San Antonio,Texas",,,Gardenology
Texas,United States,"Shangri La Botanical Gardens and Nature Center-Orange, Texas",,,Gardenology
Texas,United States,"Tyrrell Park Botanical Gardens-Beaumont, Texas",,,Gardenology
Texas,United States,"Umlauf Sculpture Garden and Museum-Austin, Texas",,,Gardenology
Texas,United States,"Zilker Botanical Garden-Austin, Texas",,,Gardenology
Utah,United States,"Brigham Young University Arboretum(Harrison Arboretum) -Brigham Young University,Provo, Utah",,,Gardenology
Utah,United States,"Stein Eriksen Lodge Botanical Garden-Park City, Utah",,,Gardenology
Utah,United States,"Red Butte Garden and Arboretum-University of Utah,Salt Lake City, Utah",,,Gardenology
Utah,United States,"Petersen Arboretum-Alpine, Utah",,,Gardenology
Utah,United States,"Robert L. Shepherd Desert Arboretum-Santa Clara, Utah",,,Gardenology
Utah,United States,"State Arboretum of Utah-University of Utah,Salt Lake City, Utah",,,Gardenology
Utah,United States,"Utah Botanical Center-Kaysville, Utah",,,Gardenology
Vermont,United States,"Vermont Experimental Cold-Hardy Cactus Garden-Middlebury, Vermont",,,Gardenology
Virginia,United States,"Bon Air Park Ornamental Garden -Arlington, Virginia[3]",,,Gardenology
Virginia,United States,"Boxerwood Gardens-Lexington, Virginia",,,Gardenology
Virginia,United States,"Joseph Bryan Park Azalea Garden-Richmond, Virginia",,,Gardenology
Virginia,United States,"Edith J. Carrier Arboretum-James Madison University,Harrisonburg, Virginia",,,Gardenology
Virginia,United States,"Chesapeake Arboretum-Chesapeake, Virginia",,,Gardenology
Virginia,United States,"Forest Lawn Cemetery-Richmond, Virginia",,,Gardenology
Virginia,United States,"Lewis Ginter Botanical Garden- Richmond, Virginia",,,Gardenology
Virginia,United States,"Green Spring Gardens Park-Alexandria, Virginia",,,Gardenology
Virginia,United States,"Hahn Horticulture Garden-Virginia Tech,Blacksburg, Virginia",,,Gardenology
Virginia,United States,"Hampton Roads Arboretum-Virginia Beach, Virginia",,,Gardenology
Virginia,United States,"Maymont- Richmond, Virginia",,,Gardenology
Virginia,United States,"Museum of the Shenandoah Valley-Winchester, Virginia",,,Gardenology
Virginia,United States,"Meadowlark Botanical Gardens-Vienna, Virginia",,,Gardenology
Virginia,United States,"Norfolk Botanical Garden-Norfolk, Virginia",,,Gardenology
Virginia,United States,"Oatlands Plantation-Leesburg, Virginia",,,Gardenology
Virginia,United States,"River Farm(American Horticultural Society) -Alexandria, Virginia",,,Gardenology
Virginia,United States,"State Arboretum of Virginia-University of Virginia,Boyce, Virginia",,,Gardenology
Virginia,United States,"Tidewater Arboretum- Virginia Beach, Virginia",,,Gardenology
Virginia,United States,"Orland E. White Research Arboretum- University of Virginia, Boyce, Virginia",,,Gardenology
Virginia,United States,"Williamsburg Botanical Garden-Williamsburg, Virginia",,,Gardenology
Washington,United States,"Bellevue Botanical Garden-Bellevue, Washington",,,Gardenology
Washington,United States,"Bloedel Reserve-Bainbridge Island, Washington",,,Gardenology
Washington,United States,"Evergreen Arboretum and Gardens-Everett, Washington",,,Gardenology
Washington,United States,"Carl S. English, Jr., Botanical Gardens-Seattle, Washington",,,Gardenology
Washington,United States,"John A. Finch Arboretum-Spokane, Washington",,,Gardenology
Washington,United States,"Heronswood-Kingston, Washington",,,Gardenology
Washington,United States,"Highline Botanical Garden-SeaTac, Washington",,,Gardenology
Washington,United States,"Hulda Klager Lilac Gardens-Woodland, Washington",,,Gardenology
Washington,United States,"Kruckeberg Botanic Garden-Shoreline, Washington",,,Gardenology
Washington,United States,"Lake Wilderness Arboretum-Maple Valley, Washington",,,Gardenology
Washington,United States,"Lakewold Gardens-Lakewood, Washington",,,Gardenology
Washington,United States,"Manito Park and Botanical Gardens-Spokane, Washington",,,Gardenology
Washington,United States,"Meerkerk Rhododendron Gardens-Greenbank, Washington",,,Gardenology
Washington,United States,"Rhododendron Species Foundation and Botanical Garden-Federal Way, Washington",,,Gardenology
Washington,United States,"Sehome Hill Arboretum-Bellingham, Washington",,,Gardenology
Washington,United States,"W. W. Seymour Botanical Conservatory-Tacoma, Washington",,,Gardenology
Washington,United States,"South Seattle Community College Arboretum-South Seattle Community College,Seattle, Washington",,,Gardenology
Washington,United States,"Washington Park Arboretum-University of Washington,Seattle, Washington",,,Gardenology
Washington,United States,"Wind River Arboretum-Gifford Pinchot National Forest,Carson, Washington",,,Gardenology
Washington,United States,"Wright Park Arboretum-Tacoma, Washington",,,Gardenology
Washington,United States,"Yakima Area Arboretum-Yakima, Washington",,,Gardenology
West Virginia,United States,"Brooks Memorial Arboretum-Hillsboro, West Virginia",,,Gardenology
West Virginia,United States,"Core Arboretum-West Virginia University,Morgantown, West Virginia",,,Gardenology
West Virginia,United States,"Cranberry Glades Botanical Area-Monongahela National Forest,Mill Point, West Virginia",,,Gardenology
West Virginia,United States,"Sunshine Farm and Gardens-Renick, West Virginia",,,Gardenology
West Virginia,United States,"West Virginia Botanic Garden-Morgantown, West Virginia",,,Gardenology
Wisconsin,United States,"Boerner Botanical Gardens-Hales Corners, Wisconsin",,,Gardenology
Wisconsin,United States,"Cofrin Memorial Arboretum,University of Wisconsin-Green Bay,Green Bay, Wisconsin",,,Gardenology
Wisconsin,United States,"Foxfire Botanical Gardens-Marshfield, Wisconsin",,,Gardenology
Wisconsin,United States,"Gardens of the Fox Cities-Appleton, Wisconsin",,,Gardenology
Wisconsin,United States,"Green Bay Botanical Garden-Green Bay, Wisconsin",,,Gardenology
Wisconsin,United States,"Jones Arboretum and Botanical Gardens-Readstown, Wisconsin",,,Gardenology
Wisconsin,United States,"Mitchell Park Horticultural Conservatory-Milwaukee, Wisconsin",,,Gardenology
Wisconsin,United States,"Olbrich Botanical Gardens-Madison, Wisconsin",,,Gardenology
Wisconsin,United States,"Paine Art Center and Gardens-Oshkosh, Wisconsin",,,Gardenology
Wisconsin,United States,"Rotary Gardens-Janesville, Wisconsin",,,Gardenology
Wisconsin,United States,"University of Wisconsin-Madison Arboretum-Madison, Wisconsin",,,Gardenology
Wyoming,United States,"Cheyenne Botanic Gardens-Cheyenne, Wyoming",,,Gardenology
US Territories,United States,"Magens Bay Arboretum-Magens Bay,Saint Thomas, U.S. Virgin Islands",,,Gardenology
US Territories,United States,"St. George Village Botanical Garden-Frederiksted,Saint Croix, U.S. Virgin Islands",,,Gardenology
US Territories,United States,"San Juan Botanical Garden—Botanical Garden of the University of Puerto Rico-San Juan,Puerto Rico",,,Gardenology
Notes,United States,"↑""Gardens"" pageinofficial website of Hillwood Estate, Museum & GardensAccessed Nov. 3, 2008.",,,Gardenology
Notes,United States,"↑""The Garden"" pageinofficial website of Tudor Place Historic House and GardenAccessed Nov. 3, 2008",,,Gardenology
Notes,United States,"↑""Bon Air Park"" pageinofficial website of Arlington County, VirginiaAccessed Nov. 3, 2008.",,,Gardenology
Notes,United States,List of botanical gardens- Worldwide list of Gardens,,https://gardenology.mywikis.net/wiki/List_of_botanical_gardens,Gardenology
Notes,United States,North American Plant Collections Consortium,,,Gardenology
Notes,United States,National Register of Big Trees,,,Gardenology
